Source File	Size	loadResources	load	generateSnapshots	load-configure	scan	loadDepInfo	loadInfo	checkR4R4B	generateNarratives	validate	loadLists	checkConformanceResources	checkConformanceResources2	checkConformanceResources3	generateLogicalMaps	validateExpressions	scanForUsageStats	checkURLsUnique	processProvenanceDetails	translate	generate1	generate2	generateLogicals	makeDependencies	generateExampleZip	generateValidationPack	scanProfilesForR5	scanExamplesForR5
/fsh-generated/resources/ImplementationGuide-ans.fhir.fr.pdlgc.json	7795	-	0	0	0	0	0	0	18	91	0	0	0	0	0	0	0	0	0	0	14	151	270	0	0	0	6	0	0
fsh-generated/resources/ActorDefinition-PDLGC-Destinataire.json	739	5	0	0	1	0	0	0	1	10	0	0	0	0	0	0	0	0	0	0	5	20	53	0	0	0	0	0	0
fsh-generated/resources/ActorDefinition-PDLGC-Fournisseur-Destinataire.json	574	3	0	0	0	0	0	0	0	5	0	0	0	0	1	0	0	0	0	0	4	18	33	0	0	0	1	0	1
fsh-generated/resources/ActorDefinition-PDLGC-Fournisseur-Sortant.json	609	2	0	0	0	0	0	0	0	5	0	0	0	0	0	0	0	0	0	0	3	18	34	0	0	0	0	0	0
fsh-generated/resources/ActorDefinition-PDLGC-Initiateur.json	632	2	0	0	0	0	0	0	0	4	0	0	0	0	0	0	0	0	0	0	2	17	36	0	0	0	0	0	0
fsh-generated/resources/CodeSystem-competence-code-system.json	6319	6	0	0	0	0	0	0	2	24	0	0	1	0	1	0	0	0	0	0	4	68	286	0	0	0	3	0	0
fsh-generated/resources/CodeSystem-type-carte-code-system.json	1007	2	0	0	0	0	0	0	0	5	0	0	0	0	0	0	0	0	0	0	3	19	90	0	0	0	0	0	0
fsh-generated/resources/Patient-frpatient-exemple.json	452	2	0	0	0	0	0	0	0	591	0	0	0	0	0	0	0	0	0	0	2	11	21	0	0	0	0	0	0
fsh-generated/resources/StructureDefinition-EyeColor.json	1308	5	0	13	0	0	0	0	0	82	0	0	1	0	0	0	0	1	0	0	0	82	824	0	1	0	3	0	0
fsh-generated/resources/StructureDefinition-fr-patient.json	2347	3	0	77	0	0	0	0	0	50	0	0	0	0	1	0	0	1	0	0	1	308	781	0	0	0	14	1	1
fsh-generated/resources/ValueSet-EyeColorVS.json	668	3	0	0	0	0	0	0	1	5202	0	0	0	0	0	0	0	0	0	0	2	14	7135	0	0	0	1	0	0
fsh-generated/resources/ValueSet-MeltingPotVS.json	878	1	0	0	0	0	0	0	0	192	0	0	0	0	0	0	0	0	0	0	2	41	329	0	0	0	1	0	0
fsh-generated/resources/ValueSet-ModifiedAdministrativeGender.json	645	2	0	0	1	0	0	0	0	9	0	0	0	0	1	0	0	0	0	0	2	15	77	0	0	0	0	0	0
fsh-generated/resources/ValueSet-TypeCarteVS.json	415	2	0	0	0	0	0	0	0	3	0	0	0	0	0	0	0	0	0	0	2	11	70	0	0	0	1	0	0
/input/includes/figure-caption.html	465	-	-	-	0	0	0	0	0	0	0	0	0	0	0	0	0	0	0	0	0	0	1	0	0	0	0	0	0
/input/includes/svg-interactive-styles.html	3117	-	-	-	0	0	0	0	0	0	0	0	0	0	0	0	0	0	0	0	0	0	0	0	0	0	0	0	0
/input/includes/README-SVG-INTERACTIF.md	1633	-	-	-	0	0	0	0	0	0	0	0	0	0	0	0	0	0	0	0	0	0	1	0	0	0	0	0	0
/input/includes/UTILISATION-SVG-INTERACTIF.md	1955	-	-	-	0	0	0	0	0	0	0	0	0	0	0	0	0	0	0	0	0	0	0	0	0	0	0	0	0
/input/includes/svg-interactive-script.html	7205	-	-	-	0	0	0	0	0	0	0	0	0	0	0	0	0	0	0	0	0	0	1	0	0	0	0	0	0
/fsh-generated/includes/menu.xml	1877	-	-	-	0	0	0	0	0	0	0	0	0	0	0	0	0	0	0	0	0	0	0	0	0	0	0	0	0
/fsh-generated/includes/fsh-link-references.md	735	-	-	-	0	0	0	0	0	0	0	0	0	0	0	0	0	0	0	0	0	0	1	0	0	0	0	0	0
/input/data/features.yml	169	-	-	-	0	0	0	0	0	0	0	0	0	0	0	0	0	0	0	0	0	0	0	0	0	0	0	0	0
/input/pagecontent/specifications.md	0	-	-	-	0	0	0	0	0	0	0	0	0	0	0	0	0	0	0	0	0	0	0	0	0	0	0	0	0
/input/pagecontent/autres_ressources.md	155	-	-	-	0	0	0	0	0	0	0	0	0	0	0	0	0	0	0	0	0	0	0	0	0	0	0	0	0
/input/pagecontent/contexte-metier-acteurs.md	595	-	-	-	0	0	0	0	0	0	0	0	0	0	0	0	0	0	0	0	0	0	6	0	0	0	0	0	0
/input/pagecontent/contexte-metier-definitions.md	3545	-	-	-	0	0	0	0	0	0	0	0	0	0	0	0	0	0	0	0	0	0	1	0	0	0	0	0	0
/input/pagecontent/st_structure-archive.md	0	-	-	-	0	0	0	0	0	0	0	0	0	0	0	0	0	0	0	0	0	0	0	0	0	0	0	0	0
/input/pagecontent/annexes.md	0	-	-	-	0	0	0	0	0	0	0	0	0	0	0	0	0	0	0	0	0	0	0	0	0	0	0	0	0
/input/pagecontent/spec-technique-flux-alimentation.md	99	-	-	-	0	0	0	0	0	0	0	0	0	0	0	0	0	0	0	0	0	1	1	0	0	0	0	0	0
/input/pagecontent/spec-technique-vue-ensemble.md	96	-	-	-	0	0	0	0	0	0	0	0	0	0	0	0	0	0	0	0	0	0	0	0	0	0	0	0	0
/input/pagecontent/contexte-metier-cadre-juridique.md	1303	-	-	-	0	0	0	0	0	0	0	0	0	0	0	0	0	0	0	0	0	0	0	0	0	0	0	0	0
/input/pagecontent/contexte-metier-orga-processus.md	191	-	-	-	0	0	0	0	0	0	0	0	0	0	0	0	0	0	0	0	0	0	1	0	0	0	0	0	0
/input/pagecontent/spec-technique-flux-consommation.md	101	-	-	-	0	0	0	0	0	0	0	0	0	0	0	0	0	0	0	0	0	0	0	0	0	0	0	0	0
/input/pagecontent/annexe-securite.md	900	-	-	-	0	0	0	0	0	0	0	0	0	0	0	0	0	0	0	0	0	0	0	0	0	0	0	0	0
/input/pagecontent/spec-fonctionnelle-alimentation.md	61	-	-	-	0	0	0	0	0	0	0	0	0	0	0	0	0	0	0	0	0	0	0	0	0	0	0	0	0
/input/pagecontent/contexte-metier-cas-usage.md	4641	-	-	-	0	0	0	0	0	0	0	0	0	0	0	0	0	0	0	0	0	0	1	0	0	0	0	0	0
/input/pagecontent/change-log.md	330	-	-	-	0	0	0	0	0	0	0	0	0	0	0	0	0	0	0	0	0	0	0	0	0	0	0	0	0
/input/pagecontent/annexe-downloads.md	1727	-	-	-	0	0	0	0	0	0	0	0	0	0	0	0	0	0	0	0	0	0	1	0	0	0	0	0	0
/input/pagecontent/translationinfo.md	59	-	-	-	0	0	0	0	0	0	0	0	0	0	0	0	0	0	0	0	0	0	0	0	0	0	0	0	0
/input/pagecontent/spec-fonctionnelle-intro.md	82	-	-	-	0	0	0	0	0	0	0	0	0	0	0	0	0	0	0	0	0	0	0	0	0	0	0	0	0
/input/pagecontent/index.md	5028	-	-	-	0	0	0	0	0	0	0	0	0	0	0	0	0	0	0	0	0	0	1	0	0	0	0	0	0
/input/pagecontent/spec-technique-intro.md	111	-	-	-	0	0	0	0	0	0	0	0	0	0	0	0	0	0	0	0	0	0	0	0	0	0	0	0	0
/template/config	0	-	-	-	0	0	0	0	0	0	0	0	0	0	0	0	0	0	0	0	0	0	0	0	0	0	0	0	0
/template/config/_config.yml	140	-	-	-	0	0	0	0	0	0	0	0	0	0	0	0	0	0	0	0	0	0	0	0	0	0	0	0	0
/input/images	0	-	-	-	0	0	0	0	0	0	0	0	0	0	0	0	0	0	0	0	0	0	0	0	0	0	0	0	0
/input/images/DiagrammePaquetage.svg	4606	-	-	-	0	0	0	0	0	0	0	0	0	0	0	0	0	0	0	0	0	0	1	0	0	0	0	0	0
/input/images/ci-sis-logo.png	61365	-	-	-	0	0	0	0	0	0	0	0	0	0	0	0	0	0	0	0	0	0	1	0	0	0	0	0	0
/input/images/anImage.png	36288	-	-	-	0	0	0	0	0	0	0	0	0	0	0	0	0	0	0	0	0	0	0	0	0	0	0	0	0
/temp/pages/_includes/artifacts.xml	10635	-	-	-	-	-	-	-	-	-	-	-	-	-	-	-	-	-	-	-	-	-	1	0	0	0	0	0	0
